No.,APELLIDO,USUARIO,NOMBRE,EQUIPO,MAIL,DEPARTAMENTO,,DESCRIPCION,PRDESARROLLO,CARPETA PRIVADA,CONEXIONES,PASSWORD,CAMBIAR INICIO SESION,ARCHIVO INICIO SESIÓN,ACCESO,,,OU,,,
1,AROCAS PASADAS,ESTEFANIA,ARPESTEFANIA,conta1,conta1@thefinaldomain.com,CONTABILIDAD,,Responsable,,si,"GENERAL, PRIVADA, CONTABILIDAD",Itep@1234,si,si,"conta1,conta2,conta3,conta4,conta5,conta6,conta7,conta8,conta9,conta10,conta11,conta12,PC1","ou=Usuarios,",",ou=FinalDomain,dc=TheFinal,dc=Domain","ou=Usuarios,ou=CONTABILIDAD,ou=FinalDomain,dc=TheFinal,dc=Domain",If %username%==ARPESTEFANIA Goto CONTABILIDAD,PC1,PC1
2,VISO GILABERT,QUERALT,VIGQUERALT,conta2,conta2@thefinaldomain.com,CONTABILIDAD,User_,User_conta2,,si,"GENERAL, PRIVADA, CONTABILIDAD",Itep@1234,si,si,"conta2,PC1","ou=Usuarios,",",ou=FinalDomain,dc=TheFinal,dc=Domain","ou=Usuarios,ou=CONTABILIDAD,ou=FinalDomain,dc=TheFinal,dc=Domain",If %username%==VIGQUERALT Goto CONTABILIDAD,PC1,
3,AYALA FERRERAS,JOAN,AYFJOAN,conta3,conta3@thefinaldomain.com,CONTABILIDAD,User_,User_conta3,,si,"GENERAL, PRIVADA, CONTABILIDAD",Itep@1234,si,si,"conta3,PC1","ou=Usuarios,",",ou=FinalDomain,dc=TheFinal,dc=Domain","ou=Usuarios,ou=CONTABILIDAD,ou=FinalDomain,dc=TheFinal,dc=Domain",If %username%==AYFJOAN Goto CONTABILIDAD,PC1,
4,BAEZ TEJADO,JOAN,BATJOAN,conta4,conta4@thefinaldomain.com,CONTABILIDAD,User_,User_conta4,,si,"GENERAL, PRIVADA, CONTABILIDAD",Itep@1234,si,si,"conta4,PC1","ou=Usuarios,",",ou=FinalDomain,dc=TheFinal,dc=Domain","ou=Usuarios,ou=CONTABILIDAD,ou=FinalDomain,dc=TheFinal,dc=Domain",If %username%==BATJOAN Goto CONTABILIDAD,PC1,
5,BASTARDES SOTO,MARC,BASMARC,conta5,conta5@thefinaldomain.com,CONTABILIDAD,User_,User_conta5,,si,"GENERAL, PRIVADA, CONTABILIDAD",Itep@1234,si,si,"conta5,PC1","ou=Usuarios,",",ou=FinalDomain,dc=TheFinal,dc=Domain","ou=Usuarios,ou=CONTABILIDAD,ou=FinalDomain,dc=TheFinal,dc=Domain",If %username%==BASMARC Goto CONTABILIDAD,PC1,
6,ANGUERA VILAFRANCA,JOSEP,ANVJOSEP,conta6,conta6@thefinaldomain.com,CONTABILIDAD,User_,User_conta6,,si,"GENERAL, PRIVADA, CONTABILIDAD",Itep@1234,si,si,"conta6,PC1","ou=Usuarios,",",ou=FinalDomain,dc=TheFinal,dc=Domain","ou=Usuarios,ou=CONTABILIDAD,ou=FinalDomain,dc=TheFinal,dc=Domain",If %username%==ANVJOSEP Goto CONTABILIDAD,PC1,
7,PASCUAL ALOY,ESTHER,PAAESTHER,conta7,conta7@thefinaldomain.com,CONTABILIDAD,User_,User_conta7,,si,"GENERAL, PRIVADA, CONTABILIDAD",Itep@1234,si,si,"conta7,PC1","ou=Usuarios,",",ou=FinalDomain,dc=TheFinal,dc=Domain","ou=Usuarios,ou=CONTABILIDAD,ou=FinalDomain,dc=TheFinal,dc=Domain",If %username%==PAAESTHER Goto CONTABILIDAD,PC1,
8,VALLES GIRVENT,LAURA,VAGLAURA,conta8,conta8@thefinaldomain.com,CONTABILIDAD,User_,User_conta8,,si,"GENERAL, PRIVADA, CONTABILIDAD",Itep@1234,si,si,"conta8,PC1","ou=Usuarios,",",ou=FinalDomain,dc=TheFinal,dc=Domain","ou=Usuarios,ou=CONTABILIDAD,ou=FinalDomain,dc=TheFinal,dc=Domain",If %username%==VAGLAURA Goto CONTABILIDAD,PC1,
9,RAYA GARCIA,RAQUEL,RAGRAQUEL,conta9,conta9@thefinaldomain.com,CONTABILIDAD,User_,User_conta9,,si,"GENERAL, PRIVADA, CONTABILIDAD",Itep@1234,si,si,"conta9,PC1","ou=Usuarios,",",ou=FinalDomain,dc=TheFinal,dc=Domain","ou=Usuarios,ou=CONTABILIDAD,ou=FinalDomain,dc=TheFinal,dc=Domain",If %username%==RAGRAQUEL Goto CONTABILIDAD,PC1,
10,ANDREU CRUZ,ch,ANCJOAN,conta10,conta10@thefinaldomain.com,CONTABILIDAD,User_,User_conta10,,si,"GENERAL, PRIVADA, CONTABILIDAD",Itep@1234,si,si,"conta10,PC1","ou=Usuarios,",",ou=FinalDomain,dc=TheFinal,dc=Domain","ou=Usuarios,ou=CONTABILIDAD,ou=FinalDomain,dc=TheFinal,dc=Domain",If %username%==ANCJOAN Goto CONTABILIDAD,PC1,
11,BARALDES COMAS,MARIA ISABEL,BACMARIA ISABEL,conta11,conta11@thefinaldomain.com,CONTABILIDAD,User_,User_conta11,,si,"GENERAL, PRIVADA, CONTABILIDAD",Itep@1234,si,si,"conta11,PC1","ou=Usuarios,",",ou=FinalDomain,dc=TheFinal,dc=Domain","ou=Usuarios,ou=CONTABILIDAD,ou=FinalDomain,dc=TheFinal,dc=Domain",If %username%==BACMARIA ISABEL Goto CONTABILIDAD,PC1,
12,BERENGUERAS CULLERES,ADRIA,BECADRIA,conta12,conta12@thefinaldomain.com,CONTABILIDAD,User_,User_conta12,,si,"GENERAL, PRIVADA, CONTABILIDAD",Itep@1234,si,si,"conta12,PC1","ou=Usuarios,",",ou=FinalDomain,dc=TheFinal,dc=Domain","ou=Usuarios,ou=CONTABILIDAD,ou=FinalDomain,dc=TheFinal,dc=Domain",If %username%==BECADRIA Goto CONTABILIDAD,PC1,
13,LOPEZ DE PABLO,GERARD,LODGERARD,logistica1,logistica1@thefinaldomain.com,LOGISTICA,User_,Responsable,,si,"GENERAL, PRIVADA, LOGISTICA",Itep@1234,si,si,"logistica1,logistica2,logistica3,logistica4,logistica5,logistica6,logistica7,logistica8,logistica9,logistica10,logistica11,logistica12,logistica13,logistica14,logistica15,PC1","ou=Usuarios,",",ou=FinalDomain,dc=TheFinal,dc=Domain","ou=Usuarios,ou=LOGISTICA,ou=FinalDomain,dc=TheFinal,dc=Domain",If %username%==LODGERARD Goto LOGISTICA,PC1,
14,ARNAU MORENO,ELIOT,ARMELIOT,logistica2,logistica2@thefinaldomain.com,LOGISTICA,User_,User_logistica2,,si,"GENERAL, PRIVADA, LOGISTICA",Itep@1234,si,si,"logistica2,PC1","ou=Usuarios,",",ou=FinalDomain,dc=TheFinal,dc=Domain","ou=Usuarios,ou=LOGISTICA,ou=FinalDomain,dc=TheFinal,dc=Domain",If %username%==ARMELIOT Goto LOGISTICA,PC1,
15,RAYA GAVILAN,JORDI,RAGJORDI,logistica3,logistica3@thefinaldomain.com,LOGISTICA,User_,User_logistica3,,si,"GENERAL, PRIVADA, LOGISTICA",Itep@1234,si,si,"logistica3,PC1","ou=Usuarios,",",ou=FinalDomain,dc=TheFinal,dc=Domain","ou=Usuarios,ou=LOGISTICA,ou=FinalDomain,dc=TheFinal,dc=Domain",If %username%==RAGJORDI Goto LOGISTICA,PC1,
16,ZAMBUDIO FIGULS,LLUIS,ZAFLLUIS,logistica4,logistica4@thefinaldomain.com,LOGISTICA,User_,User_logistica4,,si,"GENERAL, PRIVADA, LOGISTICA",Itep@1234,si,si,"logistica4,PC1","ou=Usuarios,",",ou=FinalDomain,dc=TheFinal,dc=Domain","ou=Usuarios,ou=LOGISTICA,ou=FinalDomain,dc=TheFinal,dc=Domain",If %username%==ZAFLLUIS Goto LOGISTICA,PC1,
17,BIDAULT CULLERES,LAURA,BICLAURA,logistica5,logistica5@thefinaldomain.com,LOGISTICA,User_,User_logistica5,,si,"GENERAL, PRIVADA, LOGISTICA",Itep@1234,si,si,"logistica5,PC1","ou=Usuarios,",",ou=FinalDomain,dc=TheFinal,dc=Domain","ou=Usuarios,ou=LOGISTICA,ou=FinalDomain,dc=TheFinal,dc=Domain",If %username%==BICLAURA Goto LOGISTICA,PC1,
18,BIOSCA FONTANET,JORDI,BIFJORDI,logistica6,logistica6@thefinaldomain.com,LOGISTICA,User_,User_logistica6,,si,"GENERAL, PRIVADA, LOGISTICA",Itep@1234,si,si,"logistica6,PC1","ou=Usuarios,",",ou=FinalDomain,dc=TheFinal,dc=Domain","ou=Usuarios,ou=LOGISTICA,ou=FinalDomain,dc=TheFinal,dc=Domain",If %username%==BIFJORDI Goto LOGISTICA,PC1,
19,ZAFRA FIGULS,DOUNYA,ZAFDOUNYA,logistica7,logistica7@thefinaldomain.com,LOGISTICA,User_,User_logistica7,,si,"GENERAL, PRIVADA, LOGISTICA",Itep@1234,si,si,"logistica7,PC1","ou=Usuarios,",",ou=FinalDomain,dc=TheFinal,dc=Domain","ou=Usuarios,ou=LOGISTICA,ou=FinalDomain,dc=TheFinal,dc=Domain",If %username%==ZAFDOUNYA Goto LOGISTICA,PC1,
20,ALEU ICART,JULIO,ALIJULIO,logistica8,logistica8@thefinaldomain.com,LOGISTICA,User_,User_logistica8,,si,"GENERAL, PRIVADA, LOGISTICA",Itep@1234,si,si,"logistica8,PC1","ou=Usuarios,",",ou=FinalDomain,dc=TheFinal,dc=Domain","ou=Usuarios,ou=LOGISTICA,ou=FinalDomain,dc=TheFinal,dc=Domain",If %username%==ALIJULIO Goto LOGISTICA,PC1,
21,BADIA TORNE,ANDREU,BATANDREU,logistica9,logistica9@thefinaldomain.com,LOGISTICA,User_,User_logistica9,,si,"GENERAL, PRIVADA, LOGISTICA",Itep@1234,si,si,"logistica9,PC1","ou=Usuarios,",",ou=FinalDomain,dc=TheFinal,dc=Domain","ou=Usuarios,ou=LOGISTICA,ou=FinalDomain,dc=TheFinal,dc=Domain",If %username%==BATANDREU Goto LOGISTICA,PC1,
22,MORALES GESE,RAMON,MOGRAMON,logistica10,logistica10@thefinaldomain.com,LOGISTICA,User_,User_logistica10,,si,"GENERAL, PRIVADA, LOGISTICA",Itep@1234,si,si,"logistica10,PC1","ou=Usuarios,",",ou=FinalDomain,dc=TheFinal,dc=Domain","ou=Usuarios,ou=LOGISTICA,ou=FinalDomain,dc=TheFinal,dc=Domain",If %username%==MOGRAMON Goto LOGISTICA,PC1,
23,BLANCO FONTANET,DAVID-JESE,BLFDAVID-JESE,logistica11,logistica11@thefinaldomain.com,LOGISTICA,User_,User_logistica11,,si,"GENERAL, PRIVADA, LOGISTICA",Itep@1234,si,si,"logistica11,PC1","ou=Usuarios,",",ou=FinalDomain,dc=TheFinal,dc=Domain","ou=Usuarios,ou=LOGISTICA,ou=FinalDomain,dc=TheFinal,dc=Domain",If %username%==BLFDAVID-JESE Goto LOGISTICA,PC1,
24,ALVAREZ FERNANDEZ,ARAN,ALFARAN,logistica12,logistica12@thefinaldomain.com,LOGISTICA,User_,User_logistica12,,si,"GENERAL, PRIVADA, LOGISTICA",Itep@1234,si,si,"logistica12,PC1","ou=Usuarios,",",ou=FinalDomain,dc=TheFinal,dc=Domain","ou=Usuarios,ou=LOGISTICA,ou=FinalDomain,dc=TheFinal,dc=Domain",If %username%==ALFARAN Goto LOGISTICA,PC1,
25,GARCIA ALMOGUERA,GEMMA,GAAGEMMA,logistica13,logistica13@thefinaldomain.com,LOGISTICA,User_,User_logistica13,,si,"GENERAL, PRIVADA, LOGISTICA",Itep@1234,si,si,"logistica13,PC1","ou=Usuarios,",",ou=FinalDomain,dc=TheFinal,dc=Domain","ou=Usuarios,ou=LOGISTICA,ou=FinalDomain,dc=TheFinal,dc=Domain",If %username%==GAAGEMMA Goto LOGISTICA,PC1,
26,LIBORI FIGUERAS,IVAN,LIFIVAN,logistica14,logistica14@thefinaldomain.com,LOGISTICA,User_,User_logistica14,,si,"GENERAL, PRIVADA, LOGISTICA",Itep@1234,si,si,"logistica14,PC1","ou=Usuarios,",",ou=FinalDomain,dc=TheFinal,dc=Domain","ou=Usuarios,ou=LOGISTICA,ou=FinalDomain,dc=TheFinal,dc=Domain",If %username%==LIFIVAN Goto LOGISTICA,PC1,
27,BIDAULT PUEYO,DAVID,BIPDAVID,logistica15,logistica15@thefinaldomain.com,LOGISTICA,User_,User_logistica15,,si,"GENERAL, PRIVADA, LOGISTICA",Itep@1234,si,si,"logistica15,PC1","ou=Usuarios,",",ou=FinalDomain,dc=TheFinal,dc=Domain","ou=Usuarios,ou=LOGISTICA,ou=FinalDomain,dc=TheFinal,dc=Domain",If %username%==BIPDAVID Goto LOGISTICA,PC1,
28,BENITEZ JOSE,XAVIER,BEJXAVIER,personal1,personal1@thefinaldomain.com,PERSONAL,User_,Responsable,,si,"GENERAL, PRIVADA, PERSONAL",Itep@1234,si,si,"personal1,personal2,personal3,personal4,personal5,personal6,personal7,personal8,personal9,personal10,personal11,personal12,personal13,personal14,personal15,PC1","ou=Usuarios,",",ou=FinalDomain,dc=TheFinal,dc=Domain","ou=Usuarios,ou=PERSONAL,ou=FinalDomain,dc=TheFinal,dc=Domain",If %username%==BEJXAVIER Goto PERSONAL,PC1,
29,PASCUAL FLORES,MARIO,PAFMARIO,personal2,personal2@thefinaldomain.com,PERSONAL,User_,User_personal2,,si,"GENERAL, PRIVADA, PERSONAL",Itep@1234,si,si,"personal2,PC1","ou=Usuarios,",",ou=FinalDomain,dc=TheFinal,dc=Domain","ou=Usuarios,ou=PERSONAL,ou=FinalDomain,dc=TheFinal,dc=Domain",If %username%==PAFMARIO Goto PERSONAL,PC1,
30,AYALA TORNE,JESUS,AYTJESUS,personal3,personal3@thefinaldomain.com,PERSONAL,User_,User_personal3,,si,"GENERAL, PRIVADA, PERSONAL",Itep@1234,si,si,"personal3,PC1","ou=Usuarios,",",ou=FinalDomain,dc=TheFinal,dc=Domain","ou=Usuarios,ou=PERSONAL,ou=FinalDomain,dc=TheFinal,dc=Domain",If %username%==AYTJESUS Goto PERSONAL,PC1,
31,LISTAN FIGUERAS,GEMMA,LIFGEMMA,personal4,personal4@thefinaldomain.com,PERSONAL,User_,User_personal4,,si,"GENERAL, PRIVADA, PERSONAL",Itep@1234,si,si,"personal4,PC1","ou=Usuarios,",",ou=FinalDomain,dc=TheFinal,dc=Domain","ou=Usuarios,ou=PERSONAL,ou=FinalDomain,dc=TheFinal,dc=Domain",If %username%==LIFGEMMA Goto PERSONAL,PC1,
32,RASERO GAVILAN,SILVIA,RAGSILVIA,personal5,personal5@thefinaldomain.com,PERSONAL,User_,User_personal5,,si,"GENERAL, PRIVADA, PERSONAL",Itep@1234,si,si,"personal5,PC1","ou=Usuarios,",",ou=FinalDomain,dc=TheFinal,dc=Domain","ou=Usuarios,ou=PERSONAL,ou=FinalDomain,dc=TheFinal,dc=Domain",If %username%==RAGSILVIA Goto PERSONAL,PC1,
33,ARNALOT PUIG,ALBERT,ARPALBERT,personal6,personal6@thefinaldomain.com,PERSONAL,User_,User_personal6,,si,"GENERAL, PRIVADA, PERSONAL",Itep@1234,si,si,"personal6,PC1","ou=Usuarios,",",ou=FinalDomain,dc=TheFinal,dc=Domain","ou=Usuarios,ou=PERSONAL,ou=FinalDomain,dc=TheFinal,dc=Domain",If %username%==ARPALBERT Goto PERSONAL,PC1,
34,MOLINER GARRIDO,MARIA,MOGMARIA,personal7,personal7@thefinaldomain.com,PERSONAL,User_,User_personal7,,si,"GENERAL, PRIVADA, PERSONAL",Itep@1234,si,si,"personal7,PC1","ou=Usuarios,",",ou=FinalDomain,dc=TheFinal,dc=Domain","ou=Usuarios,ou=PERSONAL,ou=FinalDomain,dc=TheFinal,dc=Domain",If %username%==MOGMARIA Goto PERSONAL,PC1,
35,GALOBART GARCIA,BERTA,GAGBERTA,personal8,personal8@thefinaldomain.com,PERSONAL,User_,User_personal8,,si,"GENERAL, PRIVADA, PERSONAL",Itep@1234,si,si,"personal8,PC1","ou=Usuarios,",",ou=FinalDomain,dc=TheFinal,dc=Domain","ou=Usuarios,ou=PERSONAL,ou=FinalDomain,dc=TheFinal,dc=Domain",If %username%==GAGBERTA Goto PERSONAL,PC1,
36,LOPEZ GARRIGASSAIT,BERTA,LOGBERTA,personal9,personal9@thefinaldomain.com,PERSONAL,User_,User_personal9,,si,"GENERAL, PRIVADA, PERSONAL",Itep@1234,si,si,"personal9,PC1","ou=Usuarios,",",ou=FinalDomain,dc=TheFinal,dc=Domain","ou=Usuarios,ou=PERSONAL,ou=FinalDomain,dc=TheFinal,dc=Domain",If %username%==LOGBERTA Goto PERSONAL,PC1,
37,SANCHEZ GOMEZ,MIREIA,SAGMIREIA,personal10,personal10@thefinaldomain.com,PERSONAL,User_,User_personal10,,si,"GENERAL, PRIVADA, PERSONAL",Itep@1234,si,si,"personal10,PC1","ou=Usuarios,",",ou=FinalDomain,dc=TheFinal,dc=Domain","ou=Usuarios,ou=PERSONAL,ou=FinalDomain,dc=TheFinal,dc=Domain",If %username%==SAGMIREIA Goto PERSONAL,PC1,
38,ALAVEDRA SUNYE,GEMMA,ALSUGEMMA,personal11,personal11@thefinaldomain.com,PERSONAL,User_,User_personal11,,si,"GENERAL, PRIVADA, PERSONAL",Itep@1234,si,si,"personal11,PC1","ou=Usuarios,",",ou=FinalDomain,dc=TheFinal,dc=Domain","ou=Usuarios,ou=PERSONAL,ou=FinalDomain,dc=TheFinal,dc=Domain",If %username%==ALSUGEMMA Goto PERSONAL,PC1,
39,ALIGUE BONVEHI,MARIA ISABEL,ALBMARIA ISABEL,personal12,personal12@thefinaldomain.com,PERSONAL,User_,User_personal12,,si,"GENERAL, PRIVADA, PERSONAL",Itep@1234,si,si,"personal12,PC1","ou=Usuarios,",",ou=FinalDomain,dc=TheFinal,dc=Domain","ou=Usuarios,ou=PERSONAL,ou=FinalDomain,dc=TheFinal,dc=Domain",If %username%==ALBMARIA ISABEL Goto PERSONAL,PC1,
40,MAS FRANCH,TONI,MAFTONI,personal13,personal13@thefinaldomain.com,PERSONAL,User_,User_personal13,,si,"GENERAL, PRIVADA, PERSONAL",Itep@1234,si,si,"personal13,PC1","ou=Usuarios,",",ou=FinalDomain,dc=TheFinal,dc=Domain","ou=Usuarios,ou=PERSONAL,ou=FinalDomain,dc=TheFinal,dc=Domain",If %username%==MAFTONI Goto PERSONAL,PC1,
41,ALOY COMPTE,ALEJANDRO,ALCALEJANDRO,personal14,personal14@thefinaldomain.com,PERSONAL,User_,User_personal14,,si,"GENERAL, PRIVADA, PERSONAL",Itep@1234,si,si,"personal14,PC1","ou=Usuarios,",",ou=FinalDomain,dc=TheFinal,dc=Domain","ou=Usuarios,ou=PERSONAL,ou=FinalDomain,dc=TheFinal,dc=Domain",If %username%==ALCALEJANDRO Goto PERSONAL,PC1,
42,ASENSIO VEGA,JOAN MARTI,ASVJOAN MARTI,personal15,personal15@thefinaldomain.com,PERSONAL,User_,User_personal15,,si,"GENERAL, PRIVADA, PERSONAL",Itep@1234,si,si,"personal15,PC1","ou=Usuarios,",",ou=FinalDomain,dc=TheFinal,dc=Domain","ou=Usuarios,ou=PERSONAL,ou=FinalDomain,dc=TheFinal,dc=Domain",If %username%==ASVJOAN MARTI Goto PERSONAL,PC1,
43,BIDAULT PEREZ,INGRID,BIPINGRID,desarrollo1,desarrollo1@thefinaldomain.com,DESARROLLO,User_,Director,DIRECTOR,si,"GENERAL, PRIVADA, DESARROLLO",Itep@1234,si,si,"desarrollo1,desarrollo3,desarrollo4,desarrollo5,desarrollo2,desarrollo3,desarrollo4,desarrollo5,desarrollo6,desarrollo7,desarrollo8,desarrollo9,desarrollo10,desarrollo11,desarrollo12,desarrollo13,desarrollo14,desarrollo15,desarrollo16,desarrollo17,desarrollo18,desarrollo19,desarrollo20,desarrollo21,desarrollo22,desarrollo23,desarrollo24,desarrollo25,desarrollo26,desarrollo27,desarrollo28,desarrollo29,desarrollo30,desarrollo31,desarrollo32,desarrollo33,desarrollo34,desarrollo35,desarrollo36,desarrollo37,desarrollo38,desarrollo39,desarrollo40,desarrollo41,desarrollo42,desarrollo43,desarrollo44,desarrollo45,desarrollo46,desarrollo47,desarrollo48,desarrollo49,desarrollo50,desarrollo51,desarrollo52,desarrollo53,desarrollo54,desarrollo55,desarrollo56,desarrollo57,desarrollo58,desarrollo59,desarrollo60,desarrollo61,desarrollo62,desarrollo63,desarrollo64,desarrollo65,desarrollo66,desarrollo67,desarrollo68,desarrollo69,desarrollo70,desarrollo71,desarrollo72,PC1","ou=Usuarios,",",ou=FinalDomain,dc=TheFinal,dc=Domain","ou=Usuarios,ou=DIRECTOR,ou=DESARROLLO,ou=FinalDomain,dc=TheFinal,dc=Domain",If %username%==BIPINGRID Goto DIRECTOR,PC1,
44,ALOY CODINACHS,OLIVER,ALCOLIVER,desarrollo2,desarrollo2@thefinaldomain.com,DESARROLLO,User_,Jefe_PR1,PROYECTO-1,si,"GENERAL, PRIVADA, DESARROLLO",Itep@1234,si,si,"desarrollo2,desarrollo3,desarrollo4,desarrollo5,desarrollo6,desarrollo7,desarrollo8,desarrollo9,desarrollo10,desarrollo11,desarrollo12,desarrollo13,desarrollo14,desarrollo15,desarrollo16,desarrollo17,PC1","ou=Usuarios,",",ou=FinalDomain,dc=TheFinal,dc=Domain","ou=Usuarios,ou=PROYECTO-1,ou=DESARROLLO,ou=FinalDomain,dc=TheFinal,dc=Domain",If %username%==ALCOLIVER Goto PROYECTO-1,PC1,
45,ALTIMIRAS ARMENTEROS,SANDRA,ALASANDRA,desarrollo3,desarrollo3@thefinaldomain.com,DESARROLLO,User_,Jefe_PR2,PROYECTO-2,si,"GENERAL, PRIVADA, DESARROLLO",Itep@1234,si,si,"Desarrollo3,desarrollo18,desarrollo19,desarrollo20,desarrollo21,desarrollo22,desarrollo23,desarrollo24,desarrollo25,desarrollo26,desarrollo27,desarrollo28,desarrollo29,desarrollo30,desarrollo31,desarrollo32,desarrollo33,desarrollo34,desarrollo35,desarrollo36,desarrollo37,desarrollo38,desarrollo39,PC1","ou=Usuarios,",",ou=FinalDomain,dc=TheFinal,dc=Domain","ou=Usuarios,ou=PROYECTO-2,ou=DESARROLLO,ou=FinalDomain,dc=TheFinal,dc=Domain",If %username%==ALASANDRA Goto PROYECTO-2,PC1,
46,BELMONTE SANCHEZ,JORDI,BESJORDI,desarrollo4,desarrollo4@thefinaldomain.com,DESARROLLO,User_,Jefe_PR3,PROYECTO-3,si,"GENERAL, PRIVADA, DESARROLLO",Itep@1234,si,si,"desarrollo4,desarrollo40,desarrollo41,desarrollo42,desarrollo43,desarrollo44,desarrollo45,desarrollo46,desarrollo47,desarrollo48,desarrollo49,desarrollo50,desarrollo51,desarrollo52,desarrollo53,desarrollo54,desarrollo55,desarrollo56,PC1","ou=Usuarios,",",ou=FinalDomain,dc=TheFinal,dc=Domain","ou=Usuarios,ou=PROYECTO-3,ou=DESARROLLO,ou=FinalDomain,dc=TheFinal,dc=Domain",If %username%==BESJORDI Goto PROYECTO-3,PC1,
47,BAJONA GARCIA,MARC,BAGMARC,desarrollo5,desarrollo5@thefinaldomain.com,DESARROLLO,User_,Jefe_PR4,PROYECTO-4,si,"GENERAL, PRIVADA, DESARROLLO",Itep@1234,si,si,"desarrollo5,desarrollo57,desarrollo58,desarrollo59,desarrollo60,desarrollo61,desarrollo62,desarrollo63,desarrollo64,desarrollo65,desarrollo66,desarrollo67,desarrollo68,desarrollo69,desarrollo70,desarrollo71,desarrollo72,PC1","ou=Usuarios,",",ou=FinalDomain,dc=TheFinal,dc=Domain","ou=Usuarios,ou=PROYECTO-4,ou=DESARROLLO,ou=FinalDomain,dc=TheFinal,dc=Domain",If %username%==BAGMARC Goto PROYECTO-4,PC1,
48,AGUILAR RODRIGUEZ,JORDINA,AGRJORDINA,desarrollo6,desarrollo6@thefinaldomain.com,DESARROLLO,User_,User_PR1,PROYECTO-1,si,"GENERAL, PRIVADA, DESARROLLO",Itep@1234,si,si,"desarrollo6,PC1","ou=Usuarios,",",ou=FinalDomain,dc=TheFinal,dc=Domain","ou=Usuarios,ou=PROYECTO-1,ou=DESARROLLO,ou=FinalDomain,dc=TheFinal,dc=Domain",If %username%==AGRJORDINA Goto PROYECTO-1,PC1,
49,BARRIGA SOTO,MARIA JOSE,BASMARIA JOSE,desarrollo7,desarrollo7@thefinaldomain.com,DESARROLLO,User_,User_PR1,PROYECTO-1,si,"GENERAL, PRIVADA, DESARROLLO",Itep@1234,si,si,"desarrollo7,PC1","ou=Usuarios,",",ou=FinalDomain,dc=TheFinal,dc=Domain","ou=Usuarios,ou=PROYECTO-1,ou=DESARROLLO,ou=FinalDomain,dc=TheFinal,dc=Domain",If %username%==BASMARIA JOSE Goto PROYECTO-1,PC1,
50,AVILA MASJUAN,RAQUEL,AVMRAQUEL,desarrollo8,desarrollo8@thefinaldomain.com,DESARROLLO,User_,User_PR1,PROYECTO-1,si,"GENERAL, PRIVADA, DESARROLLO",Itep@1234,si,si,"desarrollo8,PC1","ou=Usuarios,",",ou=FinalDomain,dc=TheFinal,dc=Domain","ou=Usuarios,ou=PROYECTO-1,ou=DESARROLLO,ou=FinalDomain,dc=TheFinal,dc=Domain",If %username%==AVMRAQUEL Goto PROYECTO-1,PC1,
51,PARRAMON FLORES,ENRIC,PAFENRIC,desarrollo9,desarrollo9@thefinaldomain.com,DESARROLLO,User_,User_PR1,PROYECTO-1,si,"GENERAL, PRIVADA, DESARROLLO",Itep@1234,si,si,"desarrollo9,PC1","ou=Usuarios,",",ou=FinalDomain,dc=TheFinal,dc=Domain","ou=Usuarios,ou=PROYECTO-1,ou=DESARROLLO,ou=FinalDomain,dc=TheFinal,dc=Domain",If %username%==PAFENRIC Goto PROYECTO-1,PC1,
52,AGUILAR RAMOS,MARTA,AGRMARTA,desarrollo10,desarrollo10@thefinaldomain.com,DESARROLLO,User_,User_PR1,PROYECTO-1,si,"GENERAL, PRIVADA, DESARROLLO",Itep@1234,si,si,"desarrollo10,PC1","ou=Usuarios,",",ou=FinalDomain,dc=TheFinal,dc=Domain","ou=Usuarios,ou=PROYECTO-1,ou=DESARROLLO,ou=FinalDomain,dc=TheFinal,dc=Domain",If %username%==AGRMARTA Goto PROYECTO-1,PC1,
53,AYALA ALSINA,CARLA,AYACARLA,desarrollo11,desarrollo11@thefinaldomain.com,DESARROLLO,User_,User_PR1,PROYECTO-1,si,"GENERAL, PRIVADA, DESARROLLO",Itep@1234,si,si,"desarrollo11,PC1","ou=Usuarios,",",ou=FinalDomain,dc=TheFinal,dc=Domain","ou=Usuarios,ou=PROYECTO-1,ou=DESARROLLO,ou=FinalDomain,dc=TheFinal,dc=Domain",If %username%==AYACARLA Goto PROYECTO-1,PC1,
54,ALVAREZ TROYANO,MARIA NOELIA,ALTMARIA NOELIA,desarrollo12,desarrollo12@thefinaldomain.com,DESARROLLO,User_,User_PR1,PROYECTO-1,si,"GENERAL, PRIVADA, DESARROLLO",Itep@1234,si,si,"desarrollo12,PC1","ou=Usuarios,",",ou=FinalDomain,dc=TheFinal,dc=Domain","ou=Usuarios,ou=PROYECTO-1,ou=DESARROLLO,ou=FinalDomain,dc=TheFinal,dc=Domain",If %username%==ALTMARIA NOELIA Goto PROYECTO-1,PC1,
55,ALINS GONZALEZ,CRISTINA,ALGCRISTINA,desarrollo13,desarrollo13@thefinaldomain.com,DESARROLLO,User_,User_PR1,PROYECTO-1,si,"GENERAL, PRIVADA, DESARROLLO",Itep@1234,si,si,"desarrollo13,PC1","ou=Usuarios,",",ou=FinalDomain,dc=TheFinal,dc=Domain","ou=Usuarios,ou=PROYECTO-1,ou=DESARROLLO,ou=FinalDomain,dc=TheFinal,dc=Domain",If %username%==ALGCRISTINA Goto PROYECTO-1,PC1,
56,ACUÑA TORT,CARLOS,ACTCARLOS,desarrollo14,desarrollo14@thefinaldomain.com,DESARROLLO,User_,User_PR1,PROYECTO-1,si,"GENERAL, PRIVADA, DESARROLLO",Itep@1234,si,si,"desarrollo14,PC1","ou=Usuarios,",",ou=FinalDomain,dc=TheFinal,dc=Domain","ou=Usuarios,ou=PROYECTO-1,ou=DESARROLLO,ou=FinalDomain,dc=TheFinal,dc=Domain",If %username%==ACTCARLOS Goto PROYECTO-1,PC1,
57,ALGUE TRANCHO,DAVID,ALTDAVID,desarrollo15,desarrollo15@thefinaldomain.com,DESARROLLO,User_,User_PR1,PROYECTO-1,si,"GENERAL, PRIVADA, DESARROLLO",Itep@1234,si,si,"desarrollo15,PC1","ou=Usuarios,",",ou=FinalDomain,dc=TheFinal,dc=Domain","ou=Usuarios,ou=PROYECTO-1,ou=DESARROLLO,ou=FinalDomain,dc=TheFinal,dc=Domain",If %username%==ALTDAVID Goto PROYECTO-1,PC1,
58,BADIA CASTILLO,CRISTIAN,BACCRISTIAN,desarrollo16,desarrollo16@thefinaldomain.com,DESARROLLO,User_,User_PR1,PROYECTO-1,si,"GENERAL, PRIVADA, DESARROLLO",Itep@1234,si,si,"desarrollo16,PC1","ou=Usuarios,",",ou=FinalDomain,dc=TheFinal,dc=Domain","ou=Usuarios,ou=PROYECTO-1,ou=DESARROLLO,ou=FinalDomain,dc=TheFinal,dc=Domain",If %username%==BACCRISTIAN Goto PROYECTO-1,PC1,
59,BENITEZ FLORES,JULIO ALBERTO,BEFJULIO ALBERTO,desarrollo17,desarrollo17@thefinaldomain.com,DESARROLLO,User_,User_PR1,PROYECTO-1,si,"GENERAL, PRIVADA, DESARROLLO",Itep@1234,si,si,"desarrollo17,PC1","ou=Usuarios,",",ou=FinalDomain,dc=TheFinal,dc=Domain","ou=Usuarios,ou=PROYECTO-1,ou=DESARROLLO,ou=FinalDomain,dc=TheFinal,dc=Domain",If %username%==BEFJULIO ALBERTO Goto PROYECTO-1,PC1,
60,TORRUELLA GARCIA,SERGI,TOGSERGI,desarrollo18,desarrollo18@thefinaldomain.com,DESARROLLO,User_,User_PR1,PROYECTO-1,si,"GENERAL, PRIVADA, DESARROLLO",Itep@1234,si,si,"desarrollo18,PC1","ou=Usuarios,",",ou=FinalDomain,dc=TheFinal,dc=Domain","ou=Usuarios,ou=PROYECTO-1,ou=DESARROLLO,ou=FinalDomain,dc=TheFinal,dc=Domain",If %username%==TOGSERGI Goto PROYECTO-1,PC1,
61,ALBERICH RODRIGUEZ,ALEIX,ALRALEIX,desarrollo19,desarrollo19@thefinaldomain.com,DESARROLLO,User_,User_PR1,PROYECTO-1,si,"GENERAL, PRIVADA, DESARROLLO",Itep@1234,si,si,"desarrollo19,PC1","ou=Usuarios,",",ou=FinalDomain,dc=TheFinal,dc=Domain","ou=Usuarios,ou=PROYECTO-1,ou=DESARROLLO,ou=FinalDomain,dc=TheFinal,dc=Domain",If %username%==ALRALEIX Goto PROYECTO-1,PC1,
62,ARMENCOT PUIG,VERONICA,ARPVERONICA,desarrollo20,desarrollo20@thefinaldomain.com,DESARROLLO,User_,User_PR1,PROYECTO-1,si,"GENERAL, PRIVADA, DESARROLLO",Itep@1234,si,si,"desarrollo20,PC1","ou=Usuarios,",",ou=FinalDomain,dc=TheFinal,dc=Domain","ou=Usuarios,ou=PROYECTO-1,ou=DESARROLLO,ou=FinalDomain,dc=TheFinal,dc=Domain",If %username%==ARPVERONICA Goto PROYECTO-1,PC1,
63,ALIGUE RIVERA,MARIONA,ALRMARIONA,desarrollo21,desarrollo21@thefinaldomain.com,DESARROLLO,User_,User_PR1,PROYECTO-1,si,"GENERAL, PRIVADA, DESARROLLO",Itep@1234,si,si,"desarrollo21,PC1","ou=Usuarios,",",ou=FinalDomain,dc=TheFinal,dc=Domain","ou=Usuarios,ou=PROYECTO-1,ou=DESARROLLO,ou=FinalDomain,dc=TheFinal,dc=Domain",If %username%==ALRMARIONA Goto PROYECTO-1,PC1,
64,BARRIGA RIU,MARC,BARMARC,desarrollo22,desarrollo22@thefinaldomain.com,DESARROLLO,User_,User_PR1,PROYECTO-1,si,"GENERAL, PRIVADA, DESARROLLO",Itep@1234,si,si,"desarrollo22,PC1","ou=Usuarios,",",ou=FinalDomain,dc=TheFinal,dc=Domain","ou=Usuarios,ou=PROYECTO-1,ou=DESARROLLO,ou=FinalDomain,dc=TheFinal,dc=Domain",If %username%==BARMARC Goto PROYECTO-1,PC1,
65,PORTELLA GISPETS,GEMMA,POGGEMMA,desarrollo23,desarrollo23@thefinaldomain.com,DESARROLLO,User_,User_PR2,PROYECTO-2,si,"GENERAL, PRIVADA, DESARROLLO",Itep@1234,si,si,"desarrollo23,PC1","ou=Usuarios,",",ou=FinalDomain,dc=TheFinal,dc=Domain","ou=Usuarios,ou=PROYECTO-2,ou=DESARROLLO,ou=FinalDomain,dc=TheFinal,dc=Domain",If %username%==POGGEMMA Goto PROYECTO-2,PC1,
66,AGUILERA BAENA,RICARD,AGBRICARD,desarrollo24,desarrollo24@thefinaldomain.com,DESARROLLO,User_,User_PR2,PROYECTO-2,si,"GENERAL, PRIVADA, DESARROLLO",Itep@1234,si,si,"desarrollo24,PC1","ou=Usuarios,",",ou=FinalDomain,dc=TheFinal,dc=Domain","ou=Usuarios,ou=PROYECTO-2,ou=DESARROLLO,ou=FinalDomain,dc=TheFinal,dc=Domain",If %username%==AGBRICARD Goto PROYECTO-2,PC1,
67,RODRIGUEZ GARCIA,JUAN,ROGJUAN,desarrollo25,desarrollo25@thefinaldomain.com,DESARROLLO,User_,User_PR2,PROYECTO-2,si,"GENERAL, PRIVADA, DESARROLLO",Itep@1234,si,si,"desarrollo25,PC1","ou=Usuarios,",",ou=FinalDomain,dc=TheFinal,dc=Domain","ou=Usuarios,ou=PROYECTO-2,ou=DESARROLLO,ou=FinalDomain,dc=TheFinal,dc=Domain",If %username%==ROGJUAN Goto PROYECTO-2,PC1,
68,AGUILAR SUNYE,MARTA,AGSMARTA,desarrollo26,desarrollo26@thefinaldomain.com,DESARROLLO,User_,User_PR2,PROYECTO-2,si,"GENERAL, PRIVADA, DESARROLLO",Itep@1234,si,si,"desarrollo26,PC1","ou=Usuarios,",",ou=FinalDomain,dc=TheFinal,dc=Domain","ou=Usuarios,ou=PROYECTO-2,ou=DESARROLLO,ou=FinalDomain,dc=TheFinal,dc=Domain",If %username%==AGSMARTA Goto PROYECTO-2,PC1,
69,BARRIGA TARDA,NATALIA,BATNATALIA,desarrollo27,desarrollo27@thefinaldomain.com,DESARROLLO,User_,User_PR2,PROYECTO-2,si,"GENERAL, PRIVADA, DESARROLLO",Itep@1234,si,si,"desarrollo27,PC1","ou=Usuarios,",",ou=FinalDomain,dc=TheFinal,dc=Domain","ou=Usuarios,ou=PROYECTO-2,ou=DESARROLLO,ou=FinalDomain,dc=TheFinal,dc=Domain",If %username%==BATNATALIA Goto PROYECTO-2,PC1,
70,BARCONS LARA,MARTA,BALMARTA,desarrollo28,desarrollo28@thefinaldomain.com,DESARROLLO,User_,User_PR2,PROYECTO-2,si,"GENERAL, PRIVADA, DESARROLLO",Itep@1234,si,si,"desarrollo28,PC1","ou=Usuarios,",",ou=FinalDomain,dc=TheFinal,dc=Domain","ou=Usuarios,ou=PROYECTO-2,ou=DESARROLLO,ou=FinalDomain,dc=TheFinal,dc=Domain",If %username%==BALMARTA Goto PROYECTO-2,PC1,
71,AGUILERA TATJE,LAURA,AGTLAURA,desarrollo29,desarrollo29@thefinaldomain.com,DESARROLLO,User_,User_PR2,PROYECTO-2,si,"GENERAL, PRIVADA, DESARROLLO",Itep@1234,si,si,"desarrollo29,PC1","ou=Usuarios,",",ou=FinalDomain,dc=TheFinal,dc=Domain","ou=Usuarios,ou=PROYECTO-2,ou=DESARROLLO,ou=FinalDomain,dc=TheFinal,dc=Domain",If %username%==AGTLAURA Goto PROYECTO-2,PC1,
72,ALEU PRAT,JOAN,ALPJOAN,desarrollo30,desarrollo30@thefinaldomain.com,DESARROLLO,User_,User_PR2,PROYECTO-2,si,"GENERAL, PRIVADA, DESARROLLO",Itep@1234,si,si,"desarrollo30,PC1","ou=Usuarios,",",ou=FinalDomain,dc=TheFinal,dc=Domain","ou=Usuarios,ou=PROYECTO-2,ou=DESARROLLO,ou=FinalDomain,dc=TheFinal,dc=Domain",If %username%==ALPJOAN Goto PROYECTO-2,PC1,
73,VALLES GIRVENT,ALEXIA,VAGALEXIA,desarrollo31,desarrollo31@thefinaldomain.com,DESARROLLO,User_,User_PR2,PROYECTO-2,si,"GENERAL, PRIVADA, DESARROLLO",Itep@1234,si,si,"desarrollo31,PC1","ou=Usuarios,",",ou=FinalDomain,dc=TheFinal,dc=Domain","ou=Usuarios,ou=PROYECTO-2,ou=DESARROLLO,ou=FinalDomain,dc=TheFinal,dc=Domain",If %username%==VAGALEXIA Goto PROYECTO-2,PC1,
74,MOLINA GARRIDO,FERRAN,MOGFERRAN,desarrollo32,desarrollo32@thefinaldomain.com,DESARROLLO,User_,User_PR2,PROYECTO-2,si,"GENERAL, PRIVADA, DESARROLLO",Itep@1234,si,si,"desarrollo32,PC1","ou=Usuarios,",",ou=FinalDomain,dc=TheFinal,dc=Domain","ou=Usuarios,ou=PROYECTO-2,ou=DESARROLLO,ou=FinalDomain,dc=TheFinal,dc=Domain",If %username%==MOGFERRAN Goto PROYECTO-2,PC1,
75,ARISSA HERMOSO,CRISTINA,ARHCRISTINA,desarrollo33,desarrollo33@thefinaldomain.com,DESARROLLO,User_,User_PR2,PROYECTO-2,si,"GENERAL, PRIVADA, DESARROLLO",Itep@1234,si,si,"desarrollo33,PC1","ou=Usuarios,",",ou=FinalDomain,dc=TheFinal,dc=Domain","ou=Usuarios,ou=PROYECTO-2,ou=DESARROLLO,ou=FinalDomain,dc=TheFinal,dc=Domain",If %username%==ARHCRISTINA Goto PROYECTO-2,PC1,
76,BARALDES PARDO,JOSE ANTONIO,BAPJOSE ANTONIO,desarrollo34,desarrollo34@thefinaldomain.com,DESARROLLO,User_,User_PR2,PROYECTO-2,si,"GENERAL, PRIVADA, DESARROLLO",Itep@1234,si,si,"desarrollo34,PC1","ou=Usuarios,",",ou=FinalDomain,dc=TheFinal,dc=Domain","ou=Usuarios,ou=PROYECTO-2,ou=DESARROLLO,ou=FinalDomain,dc=TheFinal,dc=Domain",If %username%==BAPJOSE ANTONIO Goto PROYECTO-2,PC1,
77,SUAREZ GARZON,JORDI,SUGJORDI,desarrollo35,desarrollo35@thefinaldomain.com,DESARROLLO,User_,User_PR2,PROYECTO-2,si,"GENERAL, PRIVADA, DESARROLLO",Itep@1234,si,si,"desarrollo35,PC1","ou=Usuarios,",",ou=FinalDomain,dc=TheFinal,dc=Domain","ou=Usuarios,ou=PROYECTO-2,ou=DESARROLLO,ou=FinalDomain,dc=TheFinal,dc=Domain",If %username%==SUGJORDI Goto PROYECTO-2,PC1,
78,ARPA MORENO,BEGONYA,ARMBEGONYA,desarrollo36,desarrollo36@thefinaldomain.com,DESARROLLO,User_,User_PR2,PROYECTO-2,si,"GENERAL, PRIVADA, DESARROLLO",Itep@1234,si,si,"desarrollo36,PC1","ou=Usuarios,",",ou=FinalDomain,dc=TheFinal,dc=Domain","ou=Usuarios,ou=PROYECTO-2,ou=DESARROLLO,ou=FinalDomain,dc=TheFinal,dc=Domain",If %username%==ARMBEGONYA Goto PROYECTO-2,PC1,
79,ALOY FARRANDO,INGRID,ALFINGRID,desarrollo37,desarrollo37@thefinaldomain.com,DESARROLLO,User_,User_PR2,PROYECTO-2,si,"GENERAL, PRIVADA, DESARROLLO",Itep@1234,si,si,"desarrollo37,PC1","ou=Usuarios,",",ou=FinalDomain,dc=TheFinal,dc=Domain","ou=Usuarios,ou=PROYECTO-2,ou=DESARROLLO,ou=FinalDomain,dc=TheFinal,dc=Domain",If %username%==ALFINGRID Goto PROYECTO-2,PC1,
80,LUQUE GARRIGASAIT,MIQUEL,LUGMIQUEL,desarrollo38,desarrollo38@thefinaldomain.com,DESARROLLO,User_,User_PR2,PROYECTO-2,si,"GENERAL, PRIVADA, DESARROLLO",Itep@1234,si,si,"desarrollo38,PC1","ou=Usuarios,",",ou=FinalDomain,dc=TheFinal,dc=Domain","ou=Usuarios,ou=PROYECTO-2,ou=DESARROLLO,ou=FinalDomain,dc=TheFinal,dc=Domain",If %username%==LUGMIQUEL Goto PROYECTO-2,PC1,
81,RIDO GOMEZ,AGUSTI,RIGAGUSTI,desarrollo39,desarrollo39@thefinaldomain.com,DESARROLLO,User_,User_PR2,PROYECTO-2,si,"GENERAL, PRIVADA, DESARROLLO",Itep@1234,si,si,"desarrollo39,PC1","ou=Usuarios,",",ou=FinalDomain,dc=TheFinal,dc=Domain","ou=Usuarios,ou=PROYECTO-2,ou=DESARROLLO,ou=FinalDomain,dc=TheFinal,dc=Domain",If %username%==RIGAGUSTI Goto PROYECTO-2,PC1,
82,SANTAMARIA FLOTATS,ANTONI,SAFANTONI,desarrollo40,desarrollo40@thefinaldomain.com,DESARROLLO,User_,User_PR3,PROYECTO-3,si,"GENERAL, PRIVADA, DESARROLLO",Itep@1234,si,si,"desarrollo40,PC1","ou=Usuarios,",",ou=FinalDomain,dc=TheFinal,dc=Domain","ou=Usuarios,ou=PROYECTO-3,ou=DESARROLLO,ou=FinalDomain,dc=TheFinal,dc=Domain",If %username%==SAFANTONI Goto PROYECTO-3,PC1,
83,HERMS GOMEZ,JOAN,HEGJOAN,desarrollo41,desarrollo41@thefinaldomain.com,DESARROLLO,User_,User_PR3,PROYECTO-3,si,"GENERAL, PRIVADA, DESARROLLO",Itep@1234,si,si,"desarrollo41,PC1","ou=Usuarios,",",ou=FinalDomain,dc=TheFinal,dc=Domain","ou=Usuarios,ou=PROYECTO-3,ou=DESARROLLO,ou=FinalDomain,dc=TheFinal,dc=Domain",If %username%==HEGJOAN Goto PROYECTO-3,PC1,
84,ARTIGAS MATURANO,MONICA,ARMMONICA,desarrollo42,desarrollo42@thefinaldomain.com,DESARROLLO,User_,User_PR3,PROYECTO-3,si,"GENERAL, PRIVADA, DESARROLLO",Itep@1234,si,si,"desarrollo42,PC1","ou=Usuarios,",",ou=FinalDomain,dc=TheFinal,dc=Domain","ou=Usuarios,ou=PROYECTO-3,ou=DESARROLLO,ou=FinalDomain,dc=TheFinal,dc=Domain",If %username%==ARMMONICA Goto PROYECTO-3,PC1,
85,AGUILAR MASANA,GERARD,AGMGERARD,desarrollo43,desarrollo43@thefinaldomain.com,DESARROLLO,User_,User_PR3,PROYECTO-3,si,"GENERAL, PRIVADA, DESARROLLO",Itep@1234,si,si,"desarrollo43,PC1","ou=Usuarios,",",ou=FinalDomain,dc=TheFinal,dc=Domain","ou=Usuarios,ou=PROYECTO-3,ou=DESARROLLO,ou=FinalDomain,dc=TheFinal,dc=Domain",If %username%==AGMGERARD Goto PROYECTO-3,PC1,
86,ALTIMIRAS SERAROLS,GEMMA,ALSGEMMA,desarrollo44,desarrollo44@thefinaldomain.com,DESARROLLO,User_,User_PR3,PROYECTO-3,si,"GENERAL, PRIVADA, DESARROLLO",Itep@1234,si,si,"desarrollo44,PC1","ou=Usuarios,",",ou=FinalDomain,dc=TheFinal,dc=Domain","ou=Usuarios,ou=PROYECTO-3,ou=DESARROLLO,ou=FinalDomain,dc=TheFinal,dc=Domain",If %username%==ALSGEMMA Goto PROYECTO-3,PC1,
87,TORRESCASANA GARCIA,MARIA,TOGMARIA,desarrollo45,desarrollo45@thefinaldomain.com,DESARROLLO,User_,User_PR3,PROYECTO-3,si,"GENERAL, PRIVADA, DESARROLLO",Itep@1234,si,si,"desarrollo45,PC1","ou=Usuarios,",",ou=FinalDomain,dc=TheFinal,dc=Domain","ou=Usuarios,ou=PROYECTO-3,ou=DESARROLLO,ou=FinalDomain,dc=TheFinal,dc=Domain",If %username%==TOGMARIA Goto PROYECTO-3,PC1,
88,ARIZA PUIGBO,ORIOL,ARPORIOL,desarrollo46,desarrollo46@thefinaldomain.com,DESARROLLO,User_,User_PR3,PROYECTO-3,si,"GENERAL, PRIVADA, DESARROLLO",Itep@1234,si,si,"desarrollo46,PC1","ou=Usuarios,",",ou=FinalDomain,dc=TheFinal,dc=Domain","ou=Usuarios,ou=PROYECTO-3,ou=DESARROLLO,ou=FinalDomain,dc=TheFinal,dc=Domain",If %username%==ARPORIOL Goto PROYECTO-3,PC1,
89,ALVAREZ ARMENTEROS,VIRGINIA,ALAVIRGINIA,desarrollo47,desarrollo47@thefinaldomain.com,DESARROLLO,User_,User_PR3,PROYECTO-3,si,"GENERAL, PRIVADA, DESARROLLO",Itep@1234,si,si,"desarrollo47,PC1","ou=Usuarios,",",ou=FinalDomain,dc=TheFinal,dc=Domain","ou=Usuarios,ou=PROYECTO-3,ou=DESARROLLO,ou=FinalDomain,dc=TheFinal,dc=Domain",If %username%==ALAVIRGINIA Goto PROYECTO-3,PC1,
90,BARALDES TARRAGO,DAMIA,BATDAMIA,desarrollo48,desarrollo48@thefinaldomain.com,DESARROLLO,User_,User_PR3,PROYECTO-3,si,"GENERAL, PRIVADA, DESARROLLO",Itep@1234,si,si,"desarrollo48,PC1","ou=Usuarios,",",ou=FinalDomain,dc=TheFinal,dc=Domain","ou=Usuarios,ou=PROYECTO-3,ou=DESARROLLO,ou=FinalDomain,dc=TheFinal,dc=Domain",If %username%==BATDAMIA Goto PROYECTO-3,PC1,
91,GARCIA GARCIA,VALENTI,GAGVALENTI,desarrollo49,desarrollo49@thefinaldomain.com,DESARROLLO,User_,User_PR3,PROYECTO-3,si,"GENERAL, PRIVADA, DESARROLLO",Itep@1234,si,si,"desarrollo49,PC1","ou=Usuarios,",",ou=FinalDomain,dc=TheFinal,dc=Domain","ou=Usuarios,ou=PROYECTO-3,ou=DESARROLLO,ou=FinalDomain,dc=TheFinal,dc=Domain",If %username%==GAGVALENTI Goto PROYECTO-3,PC1,
92,AROCA GOMEZ,AINA,ARGAINA,desarrollo50,desarrollo50@thefinaldomain.com,DESARROLLO,User_,User_PR3,PROYECTO-3,si,"GENERAL, PRIVADA, DESARROLLO",Itep@1234,si,si,"desarrollo50,PC1","ou=Usuarios,",",ou=FinalDomain,dc=TheFinal,dc=Domain","ou=Usuarios,ou=PROYECTO-3,ou=DESARROLLO,ou=FinalDomain,dc=TheFinal,dc=Domain",If %username%==ARGAINA Goto PROYECTO-3,PC1,
93,ALONSO RODRIGUEZ,DAVID,ALRDAVID,desarrollo51,desarrollo51@thefinaldomain.com,DESARROLLO,User_,User_PR3,PROYECTO-3,si,"GENERAL, PRIVADA, DESARROLLO",Itep@1234,si,si,"desarrollo51,PC1","ou=Usuarios,",",ou=FinalDomain,dc=TheFinal,dc=Domain","ou=Usuarios,ou=PROYECTO-3,ou=DESARROLLO,ou=FinalDomain,dc=TheFinal,dc=Domain",If %username%==ALRDAVID Goto PROYECTO-3,PC1,
94,CANO GOMEZ,GERARD,CAGGERARD,desarrollo52,desarrollo52@thefinaldomain.com,DESARROLLO,User_,User_PR3,PROYECTO-3,si,"GENERAL, PRIVADA, DESARROLLO",Itep@1234,si,si,"desarrollo52,PC1","ou=Usuarios,",",ou=FinalDomain,dc=TheFinal,dc=Domain","ou=Usuarios,ou=PROYECTO-3,ou=DESARROLLO,ou=FinalDomain,dc=TheFinal,dc=Domain",If %username%==CAGGERARD Goto PROYECTO-3,PC1,
95,ALCAIDE MOLINA,MARTA,ALMMARTA,desarrollo53,desarrollo53@thefinaldomain.com,DESARROLLO,User_,User_PR3,PROYECTO-3,si,"GENERAL, PRIVADA, DESARROLLO",Itep@1234,si,si,"desarrollo53,PC1","ou=Usuarios,",",ou=FinalDomain,dc=TheFinal,dc=Domain","ou=Usuarios,ou=PROYECTO-3,ou=DESARROLLO,ou=FinalDomain,dc=TheFinal,dc=Domain",If %username%==ALMMARTA Goto PROYECTO-3,PC1,
96,AGUILERA PRAT,MIREIA,AGPMIREIA,desarrollo54,desarrollo54@thefinaldomain.com,DESARROLLO,User_,User_PR3,PROYECTO-3,si,"GENERAL, PRIVADA, DESARROLLO",Itep@1234,si,si,"desarrollo54,PC1","ou=Usuarios,",",ou=FinalDomain,dc=TheFinal,dc=Domain","ou=Usuarios,ou=PROYECTO-3,ou=DESARROLLO,ou=FinalDomain,dc=TheFinal,dc=Domain",If %username%==AGPMIREIA Goto PROYECTO-3,PC1,
97,ALAPONT ICART,ELOI,ALIELOI,desarrollo55,desarrollo55@thefinaldomain.com,DESARROLLO,User_,User_PR3,PROYECTO-3,si,"GENERAL, PRIVADA, DESARROLLO",Itep@1234,si,si,"desarrollo55,PC1","ou=Usuarios,",",ou=FinalDomain,dc=TheFinal,dc=Domain","ou=Usuarios,ou=PROYECTO-3,ou=DESARROLLO,ou=FinalDomain,dc=TheFinal,dc=Domain",If %username%==ALIELOI Goto PROYECTO-3,PC1,
98,RIVERO FLORIDO,ANNA,RIFANNA,desarrollo56,desarrollo56@thefinaldomain.com,DESARROLLO,User_,User_PR3,PROYECTO-3,si,"GENERAL, PRIVADA, DESARROLLO",Itep@1234,si,si,"desarrollo56,PC1","ou=Usuarios,",",ou=FinalDomain,dc=TheFinal,dc=Domain","ou=Usuarios,ou=PROYECTO-3,ou=DESARROLLO,ou=FinalDomain,dc=TheFinal,dc=Domain",If %username%==RIFANNA Goto PROYECTO-3,PC1,
99,AVILA MASJUAN,ALBA,AVMALBA,desarrollo57,desarrollo57@thefinaldomain.com,DESARROLLO,User_,User_PR4,PROYECTO-4,si,"GENERAL, PRIVADA, DESARROLLO",Itep@1234,si,si,"desarrollo57,PC1","ou=Usuarios,",",ou=FinalDomain,dc=TheFinal,dc=Domain","ou=Usuarios,ou=PROYECTO-4,ou=DESARROLLO,ou=FinalDomain,dc=TheFinal,dc=Domain",If %username%==AVMALBA Goto PROYECTO-4,PC1,
100,GRANADOS ANDRES,SANDRA,GRASANDRA,desarrollo58,desarrollo58@thefinaldomain.com,DESARROLLO,User_,User_PR4,PROYECTO-4,si,"GENERAL, PRIVADA, DESARROLLO",Itep@1234,si,si,"desarrollo58,PC1","ou=Usuarios,",",ou=FinalDomain,dc=TheFinal,dc=Domain","ou=Usuarios,ou=PROYECTO-4,ou=DESARROLLO,ou=FinalDomain,dc=TheFinal,dc=Domain",If %username%==GRASANDRA Goto PROYECTO-4,PC1,
101,FERRER GASSET,ERIC,FEGERIC,desarrollo59,desarrollo59@thefinaldomain.com,DESARROLLO,User_,User_PR4,PROYECTO-4,si,"GENERAL, PRIVADA, DESARROLLO",Itep@1234,si,si,"desarrollo59,PC1","ou=Usuarios,",",ou=FinalDomain,dc=TheFinal,dc=Domain","ou=Usuarios,ou=PROYECTO-4,ou=DESARROLLO,ou=FinalDomain,dc=TheFinal,dc=Domain",If %username%==FEGERIC Goto PROYECTO-4,PC1,
102,AMIGO MODREGO,LLUIS,AMMLLUIS,desarrollo60,desarrollo60@thefinaldomain.com,DESARROLLO,User_,User_PR4,PROYECTO-4,si,"GENERAL, PRIVADA, DESARROLLO",Itep@1234,si,si,"desarrollo60,PC1","ou=Usuarios,",",ou=FinalDomain,dc=TheFinal,dc=Domain","ou=Usuarios,ou=PROYECTO-4,ou=DESARROLLO,ou=FinalDomain,dc=TheFinal,dc=Domain",If %username%==AMMLLUIS Goto PROYECTO-4,PC1,
103,ABDIN TATJE,CRISTIAN,ABTCRISTIAN,desarrollo61,desarrollo61@thefinaldomain.com,DESARROLLO,User_,User_PR4,PROYECTO-4,si,"GENERAL, PRIVADA, DESARROLLO",Itep@1234,si,si,"desarrollo61,PC1","ou=Usuarios,",",ou=FinalDomain,dc=TheFinal,dc=Domain","ou=Usuarios,ou=PROYECTO-4,ou=DESARROLLO,ou=FinalDomain,dc=TheFinal,dc=Domain",If %username%==ABTCRISTIAN Goto PROYECTO-4,PC1,
104,CANELLAS GOMEZ,GUILLEM,CAGGUILLEM,desarrollo62,desarrollo62@thefinaldomain.com,DESARROLLO,User_,User_PR4,PROYECTO-4,si,"GENERAL, PRIVADA, DESARROLLO",Itep@1234,si,si,"desarrollo62,PC1","ou=Usuarios,",",ou=FinalDomain,dc=TheFinal,dc=Domain","ou=Usuarios,ou=PROYECTO-4,ou=DESARROLLO,ou=FinalDomain,dc=TheFinal,dc=Domain",If %username%==CAGGUILLEM Goto PROYECTO-4,PC1,
105,HIDALGO ALTIMIRAS,DIMAS,HIADIMAS,desarrollo63,desarrollo63@thefinaldomain.com,DESARROLLO,User_,User_PR4,PROYECTO-4,si,"GENERAL, PRIVADA, DESARROLLO",Itep@1234,si,si,"desarrollo63,PC1","ou=Usuarios,",",ou=FinalDomain,dc=TheFinal,dc=Domain","ou=Usuarios,ou=PROYECTO-4,ou=DESARROLLO,ou=FinalDomain,dc=TheFinal,dc=Domain",If %username%==HIADIMAS Goto PROYECTO-4,PC1,
106,BASTARDAS FRANCH,ANA INES,BAFANA INES,desarrollo64,desarrollo64@thefinaldomain.com,DESARROLLO,User_,User_PR4,PROYECTO-4,si,"GENERAL, PRIVADA, DESARROLLO",Itep@1234,si,si,"desarrollo64,PC1","ou=Usuarios,",",ou=FinalDomain,dc=TheFinal,dc=Domain","ou=Usuarios,ou=PROYECTO-4,ou=DESARROLLO,ou=FinalDomain,dc=TheFinal,dc=Domain",If %username%==BAFANA INES Goto PROYECTO-4,PC1,
107,ABADIAS MASANA,IVET,ABMIVET,desarrollo65,desarrollo65@thefinaldomain.com,DESARROLLO,User_,User_PR4,PROYECTO-4,si,"GENERAL, PRIVADA, DESARROLLO",Itep@1234,si,si,"desarrollo65,PC1","ou=Usuarios,",",ou=FinalDomain,dc=TheFinal,dc=Domain","ou=Usuarios,ou=PROYECTO-4,ou=DESARROLLO,ou=FinalDomain,dc=TheFinal,dc=Domain",If %username%==ABMIVET Goto PROYECTO-4,PC1,
108,AREVALO SANCHEZ,JULIA,ARSJULIA,desarrollo66,desarrollo66@thefinaldomain.com,DESARROLLO,User_,User_PR4,PROYECTO-4,si,"GENERAL, PRIVADA, DESARROLLO",Itep@1234,si,si,"desarrollo66,PC1","ou=Usuarios,",",ou=FinalDomain,dc=TheFinal,dc=Domain","ou=Usuarios,ou=PROYECTO-4,ou=DESARROLLO,ou=FinalDomain,dc=TheFinal,dc=Domain",If %username%==ARSJULIA Goto PROYECTO-4,PC1,
109,ALINS MULET,DANIEL,ALMDANIEL,desarrollo67,desarrollo67@thefinaldomain.com,DESARROLLO,User_,User_PR4,PROYECTO-4,si,"GENERAL, PRIVADA, DESARROLLO",Itep@1234,si,si,"desarrollo67,PC1","ou=Usuarios,",",ou=FinalDomain,dc=TheFinal,dc=Domain","ou=Usuarios,ou=PROYECTO-4,ou=DESARROLLO,ou=FinalDomain,dc=TheFinal,dc=Domain",If %username%==ALMDANIEL Goto PROYECTO-4,PC1,
110,GARCIA GONZALEZ,ABEL,GAGABEL,desarrollo68,desarrollo68@thefinaldomain.com,DESARROLLO,User_,User_PR4,PROYECTO-4,si,"GENERAL, PRIVADA, DESARROLLO",Itep@1234,si,si,"desarrollo68,PC1","ou=Usuarios,",",ou=FinalDomain,dc=TheFinal,dc=Domain","ou=Usuarios,ou=PROYECTO-4,ou=DESARROLLO,ou=FinalDomain,dc=TheFinal,dc=Domain",If %username%==GAGABEL Goto PROYECTO-4,PC1,
111,ALVAREZ PARCERISA,IRENE,ALPIRENE,desarrollo69,desarrollo69@thefinaldomain.com,DESARROLLO,User_,User_PR4,PROYECTO-4,si,"GENERAL, PRIVADA, DESARROLLO",Itep@1234,si,si,"desarrollo69,PC1","ou=Usuarios,",",ou=FinalDomain,dc=TheFinal,dc=Domain","ou=Usuarios,ou=PROYECTO-4,ou=DESARROLLO,ou=FinalDomain,dc=TheFinal,dc=Domain",If %username%==ALPIRENE Goto PROYECTO-4,PC1,
112,CASAS ANDRES,ADRIA,CAAADRIA,desarrollo70,desarrollo70@thefinaldomain.com,DESARROLLO,User_,User_PR4,PROYECTO-4,si,"GENERAL, PRIVADA, DESARROLLO",Itep@1234,si,si,"desarrollo70,PC1","ou=Usuarios,",",ou=FinalDomain,dc=TheFinal,dc=Domain","ou=Usuarios,ou=PROYECTO-4,ou=DESARROLLO,ou=FinalDomain,dc=TheFinal,dc=Domain",If %username%==CAAADRIA Goto PROYECTO-4,PC1,
113,MORALES GESE,JAIRO,MOGJAIRO,desarrollo71,desarrollo71@thefinaldomain.com,DESARROLLO,User_,User_PR4,PROYECTO-4,si,"GENERAL, PRIVADA, DESARROLLO",Itep@1234,si,si,"desarrollo71,PC1","ou=Usuarios,",",ou=FinalDomain,dc=TheFinal,dc=Domain","ou=Usuarios,ou=PROYECTO-4,ou=DESARROLLO,ou=FinalDomain,dc=TheFinal,dc=Domain",If %username%==MOGJAIRO Goto PROYECTO-4,PC1,
114,BARALDES MARTORELL,CRISTINA,BAMCRISTINA,desarrollo72,desarrollo72@thefinaldomain.com,DESARROLLO,User_,User_PR4,PROYECTO-4,si,"GENERAL, PRIVADA, DESARROLLO",Itep@1234,si,si,"desarrollo72,PC1","ou=Usuarios,",",ou=FinalDomain,dc=TheFinal,dc=Domain","ou=Usuarios,ou=PROYECTO-4,ou=DESARROLLO,ou=FinalDomain,dc=TheFinal,dc=Domain",If %username%==BAMCRISTINA Goto PROYECTO-4,PC1,
115,AROCA GOMEZ,DAVID,ARGDAVID,sub01,sub01@thefinaldomain.com,SUBDIRECCION,User_,User_sub01,,si,"GENERAL, PRIVADA, DIRECCION",Itep@1234,si,si,",PC1","ou=Usuarios,",",ou=FinalDomain,dc=TheFinal,dc=Domain","ou=Usuarios,ou=SUBDIRECCION,ou=FinalDomain,dc=TheFinal,dc=Domain",If %username%==ARGDAVID Goto SUBDIRECCION,PC1,
116,RUEDA ALVAREZ,ADRIA,RUAADRIA,direc01,direc01@thefinaldomain.com,DIRECCION,User_,User_direc01,,si,"GENERAL, PRIVADA, DIRECCION",Itep@1234,si,si,",PC1","ou=Usuarios,",",ou=FinalDomain,dc=TheFinal,dc=Domain","ou=Usuarios,ou=DIRECCION,ou=FinalDomain,dc=TheFinal,dc=Domain",If %username%==RUAADRIA Goto DIRECCION,PC1,
117,ALVAREZ DOMENECH,LUCIA,ALDLUCIA,calidad1,calidad1@thefinaldomain.com,CALIDAD,User_,Responsable,,si,"GENERAL, PRIVADA, CALIDAD",Itep@1234,si,si,"calidad1,calidad2,calidad3,calidad4,calidad5,PC1","ou=Usuarios,",",ou=FinalDomain,dc=TheFinal,dc=Domain","ou=Usuarios,ou=CALIDAD,ou=FinalDomain,dc=TheFinal,dc=Domain",If %username%==ALDLUCIA Goto CALIDAD,PC1,
118,BOIX GONZALEZ,CARLA,BOGCARLA,calidad2,calidad2@thefinaldomain.com,CALIDAD,User_,User_calidad2,,si,"GENERAL, PRIVADA, CALIDAD",Itep@1234,si,si,"calidad2,PC1","ou=Usuarios,",",ou=FinalDomain,dc=TheFinal,dc=Domain","ou=Usuarios,ou=CALIDAD,ou=FinalDomain,dc=TheFinal,dc=Domain",If %username%==BOGCARLA Goto CALIDAD,PC1,
119,BARALDES MONROS,ADRIA,BAMADRIA,calidad3,calidad3@thefinaldomain.com,CALIDAD,User_,User_calidad3,,si,"GENERAL, PRIVADA, CALIDAD",Itep@1234,si,si,"calidad3,PC1","ou=Usuarios,",",ou=FinalDomain,dc=TheFinal,dc=Domain","ou=Usuarios,ou=CALIDAD,ou=FinalDomain,dc=TheFinal,dc=Domain",If %username%==BAMADRIA Goto CALIDAD,PC1,
120,AGUILERA MERINO,MARTA,AGMMARTA,calidad4,calidad4@thefinaldomain.com,CALIDAD,User_,User_calidad4,,si,"GENERAL, PRIVADA, CALIDAD",Itep@1234,si,si,"calidad4,PC1","ou=Usuarios,",",ou=FinalDomain,dc=TheFinal,dc=Domain","ou=Usuarios,ou=CALIDAD,ou=FinalDomain,dc=TheFinal,dc=Domain",If %username%==AGMMARTA Goto CALIDAD,PC1,
121,BAREA HAENE,MARC,BAHMARC,calidad5,calidad5@thefinaldomain.com,CALIDAD,User_,User_calidad5,,si,"GENERAL, PRIVADA, CALIDAD",Itep@1234,si,si,"calidad5,PC1","ou=Usuarios,",",ou=FinalDomain,dc=TheFinal,dc=Domain","ou=Usuarios,ou=CALIDAD,ou=FinalDomain,dc=TheFinal,dc=Domain",If %username%==BAHMARC Goto CALIDAD,PC1,
122,BARROSO HAENE,ALEX,BAHALEX,sistemas1,sistemas1@thefinaldomain.com,SISTEMAS,User_,Admin_sis,,si,"GENERAL,PRIVADA,SISTEMAS",Itep@1234,si,si,,"ou=Usuarios,",",ou=FinalDomain,dc=TheFinal,dc=Domain","ou=Usuarios,ou=SISTEMAS,ou=FinalDomain,dc=TheFinal,dc=Domain",If %username%==BAHALEX Goto SISTEMAS,PC1,
